stage,risk_level,stock_code,stock_name,bond_code,bond_name,issue_amount_billion,planned_issue_amount_billion,actual_issue_amount_billion,record_date,priority_subscribe_date,online_subscribe_date,priority_payment_date,winning_result_date,listing_date,convert_start_date,convert_end_date,registered_date,issue_announce_date,latest_announcement_date,latest_title,latest_url,next_action
今日申购/配债,最高,603339,四方科技,113710,四方转债,10.23395,,,,,2026-09-03,,,,,,,,,,,今天操作原股东配售/网上申购，并确认账户资金。
已上市,低,301628,强达电路,123284,强达转债,5.5,,,,,2026-08-19,,,2026-09-03,,,,,,,,已上市交易，后续关注转股期、下修、强赎、回售。
已上市,低,300953,震裕科技,123282,震裕转02,11.95,,,,,2026-08-17,,,2023-11-09,,,,,,,,已上市交易，后续关注转股期、下修、强赎、回售。
已上市,低,301565,中仑新材,123281,中仑转债,10.68,,,,,2026-08-06,,,2026-08-24,,,,,,,,已上市交易，后续关注转股期、下修、强赎、回售。
已上市,低,605123,派克新材,111026,派克转债,15.8,,,,,2026-08-06,,,2026-08-25,,,,,,,,已上市交易，后续关注转股期、下修、强赎、回售。
已上市,低,688605,先锋精科,118076,先锋转债,7.5,,,,,2026-08-06,,,2026-08-26,,,,,,,,已上市交易，后续关注转股期、下修、强赎、回售。
已上市,低,300453,三鑫医疗,123280,三鑫转债,5.3,,,,,2026-08-04,,,2026-08-19,,,,,,,,已上市交易，后续关注转股期、下修、强赎、回售。
已上市,低,301626,苏州天脉,123279,天脉转债,7.86,,,,,2026-08-03,,,2026-08-18,,,,,,,,已上市交易，后续关注转股期、下修、强赎、回售。
已上市,低,603067,振华股份,113709,振26转债,4.0621,,,,,2026-07-30,,,2024-08-02,,,,,,,,已上市交易，后续关注转股期、下修、强赎、回售。
已上市,低,300697,电工合金,123278,合金转债,5.45,,,,,2026-07-30,,,2026-08-18,,,,,,,,已上市交易，后续关注转股期、下修、强赎、回售。
已上市,低,688686,奥普特,118075,奥普转债,12.7,,,,,2026-07-29,,,2026-08-19,,,,,,,,已上市交易，后续关注转股期、下修、强赎、回售。
已上市,低,300815,玉禾田,123277,玉禾转债,15.0,,,,,2026-07-29,,,2026-08-14,,,,,,,,已上市交易，后续关注转股期、下修、强赎、回售。
已上市,低,688278,特宝生物,118074,特宝转债,15.33266,,,,,2026-07-28,,,2026-08-13,,,,,,,,已上市交易，后续关注转股期、下修、强赎、回售。
已上市,低,001202,炬申股份,127115,炬申转债,3.8,,,,,2026-07-24,,,2026-08-13,,,,,,,,已上市交易，后续关注转股期、下修、强赎、回售。
已上市,低,600642,申能股份,110103,申能转债,20.0,,,,,2026-07-24,,,2026-08-13,,,,,,,,已上市交易，后续关注转股期、下修、强赎、回售。
已上市,低,300631,久吾高科,123276,久吾转02,2.54,,,,,2026-07-20,,,2020-04-17,,,,,,,,已上市交易，后续关注转股期、下修、强赎、回售。
已上市,低,688480,赛恩斯,118073,赛斯转债,5.519,,,,,2026-07-17,,,2026-08-12,,,,,,,,已上市交易，后续关注转股期、下修、强赎、回售。
已上市,低,603019,中科曙光,113708,曙26转债,11.2,,,,,2026-07-15,,,2018-08-23,,,,,,,,已上市交易，后续关注转股期、下修、强赎、回售。
已上市,低,600389,江山股份,110102,江农转债,11.85,,,,,2026-07-14,,,2026-08-05,,,,,,,,已上市交易，后续关注转股期、下修、强赎、回售。
已上市,低,301000,肇民科技,123275,肇民转债,5.9,,,,,2026-07-09,,,2026-07-24,,,,,,,,已上市交易，后续关注转股期、下修、强赎、回售。
已上市,低,603786,科博达,113707,科博转债,14.9074,,,,,2026-07-03,,,2026-07-31,,,,,,,,已上市交易，后续关注转股期、下修、强赎、回售。
已上市,低,301499,维科精密,123274,维科转债,6.3,,,,,2026-06-26,,,2026-07-10,,,,,,,,已上市交易，后续关注转股期、下修、强赎、回售。
已上市,低,000422,湖北宜化,127114,宜化转债,33.0,,,,,2026-06-26,,,2026-07-14,,,,,,,,已上市交易，后续关注转股期、下修、强赎、回售。
已上市,低,605589,圣泉集团,111025,圣泉转债,25.0,,,,,2026-06-25,,,2026-07-21,,,,,,,,已上市交易，后续关注转股期、下修、强赎、回售。
已上市,低,600456,宝钛股份,110101,宝钛转债,35.0,,,,,2026-06-24,,,2026-07-16,,,,,,,,已上市交易，后续关注转股期、下修、强赎、回售。
已上市,低,688668,鼎通科技,118072,鼎通转债,9.3,,,,,2026-06-24,,,2026-07-17,,,,,,,,已上市交易，后续关注转股期、下修、强赎、回售。
已上市,低,688200,华峰测控,118071,华峰转债,7.49475,,,,,2026-06-23,,,2026-07-17,,,,,,,,已上市交易，后续关注转股期、下修、强赎、回售。
已上市,低,688484,南芯科技,118070,南芯转债,15.86881,,,,,2026-06-18,,,2026-07-10,,,,,,,,已上市交易，后续关注转股期、下修、强赎、回售。
已上市,低,301059,金三江,123273,三江转债,2.9,,,,,2026-06-17,,,2026-07-03,,,,,,,,已上市交易，后续关注转股期、下修、强赎、回售。
已上市,低,603270,金帝股份,113706,金帝转债,9.7,,,,,2026-06-15,,,2026-07-10,,,,,,,,已上市交易，后续关注转股期、下修、强赎、回售。
已上市,低,603809,豪能股份,113705,豪26转债,5.0,,,,,2026-06-15,,,2022-12-23,,,,,,,,已上市交易，后续关注转股期、下修、强赎、回售。
已上市,低,688092,爱科科技,118069,爱科转债,2.66954,,,,,2026-06-11,,,2026-07-09,,,,,,,,已上市交易，后续关注转股期、下修、强赎、回售。
已上市,低,301215,中汽股份,123272,中汽转债,10.3904,,,,,2026-06-11,,,2026-06-30,,,,,,,,已上市交易，后续关注转股期、下修、强赎、回售。
已上市,低,603129,春风动力,113704,春风转债,21.78763,,,,,2026-06-10,,,2026-07-07,,,,,,,,已上市交易，后续关注转股期、下修、强赎、回售。
已上市,低,603112,华翔股份,113703,翔26转债,8.0,,,,,2026-06-08,,,2022-01-20,,,,,,,,已上市交易，后续关注转股期、下修、强赎、回售。
已上市,低,688377,迪威尔,118068,迪威转债,9.07705,,,,,2026-06-04,,,2026-06-30,,,,,,,,已上市交易，后续关注转股期、下修、强赎、回售。
已上市,低,300491,通合科技,123271,通合转债,5.219327,,,,,2026-06-02,,,2026-06-17,,,,,,,,已上市交易，后续关注转股期、下修、强赎、回售。
已上市,低,300881,盛德鑫泰,123270,盛德转债,4.050968,,,,,2026-06-01,,,2026-06-12,,,,,,,,已上市交易，后续关注转股期、下修、强赎、回售。
已上市,低,301210,金杨精密,123269,金杨转债,9.8,,,,,2026-04-20,,,2026-05-11,,,,,,,,已上市交易，后续关注转股期、下修、强赎、回售。
已上市,低,300964,本川智能,123268,本川转债,4.69,,,,,2026-04-17,,,2026-05-07,,,,,,,,已上市交易，后续关注转股期、下修、强赎、回售。
已上市,低,603290,斯达半导,113702,斯达转债,15.0,,,,,2026-04-16,,,2026-05-11,,,,,,,,已上市交易，后续关注转股期、下修、强赎、回售。
已上市,低,301611,珂玛科技,123267,珂玛转债,7.5,,,,,2026-04-16,,,2026-05-13,,,,,,,,已上市交易，后续关注转股期、下修、强赎、回售。
已上市,低,688533,上声电子,118067,上26转债,5.2,,,,,2026-03-18,,,2023-08-01,,,,,,,,已上市交易，后续关注转股期、下修、强赎、回售。
已上市,低,300622,博士眼镜,123266,博士转债,3.75,,,,,2026-03-18,,,2026-04-07,,,,,,,,已上市交易，后续关注转股期、下修、强赎、回售。
已上市,低,002452,长高电气,127113,长高转债,7.586007,,,,,2026-03-09,,,2026-03-30,,,,,,,,已上市交易，后续关注转股期、下修、强赎、回售。
已上市,低,603500,祥和实业,113701,祥和转债,4.0,,,,,2026-03-03,,,2026-03-26,,,,,,,,已上市交易，后续关注转股期、下修、强赎、回售。
已上市,低,688210,统联精密,118066,统联转债,5.76,,,,,2026-03-02,,,2026-03-20,,,,,,,,已上市交易，后续关注转股期、下修、强赎、回售。
已上市,低,603759,海天股份,113700,海天转债,8.01,,,,,2026-02-05,,,2026-03-12,,,,,,,,已上市交易，后续关注转股期、下修、强赎、回售。
已上市,低,600853,龙建股份,110100,龙建转债,10.0,,,,,2026-01-22,,,2026-02-12,,,,,,,,已上市交易，后续关注转股期、下修、强赎、回售。
已上市,低,688798,艾为电子,118065,艾为转债,19.0132,,,,,2026-01-22,,,2026-02-26,,,,,,,,已上市交易，后续关注转股期、下修、强赎、回售。
已上市,低,001301,尚太科技,127112,尚太转债,17.34,,,,,2026-01-16,,,2026-02-05,,,,,,,,已上市交易，后续关注转股期、下修、强赎、回售。
已上市,低,300818,耐普矿机,123265,耐普转02,4.0,,,,,2026-01-16,,,2021-11-19,,,,,,,,已上市交易，后续关注转股期、下修、强赎、回售。
已上市,低,688300,联瑞新材,118064,联瑞转债,6.95,,,,,2026-01-08,,,2026-01-28,,,,,,,,已上市交易，后续关注转股期、下修、强赎、回售。
已上市,低,301036,双乐股份,123264,双乐转债,8.0,,,,,2025-12-26,,,2026-01-16,,,,,,,,已上市交易，后续关注转股期、下修、强赎、回售。
已上市,低,688676,金盘科技,118063,金05转债,9.76702,,,,,2025-12-25,,,2022-10-13,,,,,,,,已上市交易，后续关注转股期、下修、强赎、回售。
已上市,低,300378,鼎捷数智,123263,鼎捷转债,8.276642,,,,,2025-12-15,,,2025-12-31,,,,,,,,已上市交易，后续关注转股期、下修、强赎、回售。
已上市,低,688003,天准科技,118062,天准转债,8.72,,,,,2025-12-12,,,2025-12-31,,,,,,,,已上市交易，后续关注转股期、下修、强赎、回售。
已上市,低,300563,神宇股份,123262,神宇转债,5.0,,,,,2025-12-11,,,2025-12-30,,,,,,,,已上市交易，后续关注转股期、下修、强赎、回售。
已上市,低,605058,澳弘电子,111024,澳弘转债,5.8,,,,,2025-12-11,,,2026-01-16,,,,,,,,已上市交易，后续关注转股期、下修、强赎、回售。
已上市,低,300996,普联软件,123261,普联转债,2.429326,,,,,2025-12-05,,,2025-12-22,,,,,,,,已上市交易，后续关注转股期、下修、强赎、回售。
已上市,低,688502,茂莱光学,118061,茂莱转债,5.625,,,,,2025-11-21,,,2025-12-10,,,,,,,,已上市交易，后续关注转股期、下修、强赎、回售。
已上市,低,688800,瑞可达,118060,瑞可转债,10.0,,,,,2025-11-14,,,2025-12-12,,,,,,,,已上市交易，后续关注转股期、下修、强赎、回售。
已上市,低,301398,星源卓镁,123260,卓镁转债,4.5,,,,,2025-11-07,,,2025-11-24,,,,,,,,已上市交易，后续关注转股期、下修、强赎、回售。
已上市,低,688352,颀中科技,118059,颀中转债,8.5,,,,,2025-11-03,,,2025-11-21,,,,,,,,已上市交易，后续关注转股期、下修、强赎、回售。
已上市,低,300763,锦浪科技,123259,锦浪转02,8.97,,,,,2025-10-17,,,2022-03-02,,,,,,,,已上市交易，后续关注转股期、下修、强赎、回售。
已上市,低,600483,福能股份,110099,福能转债,28.3,,,,,2025-10-13,,,2018-12-28,,,,,,,,已上市交易，后续关注转股期、下修、强赎、回售。
已上市,低,603979,金诚信,113699,金25转债,10.0,,,,,2025-09-26,,,2021-01-14,,,,,,,,已上市交易，后续关注转股期、下修、强赎、回售。
已上市,低,603308,应流股份,113697,应流转债,15.0,,,,,2025-09-19,,,2025-10-22,,,,,,,,已上市交易，后续关注转股期、下修、强赎、回售。
已上市,低,300843,胜蓝股份,123258,胜蓝转02,3.3,,,,,2025-08-28,,,2022-04-22,,,,,,,,已上市交易，后续关注转股期、下修、强赎、回售。
已上市,低,002626,金达威,127111,金威转债,12.923948,,,,,2025-08-20,,,2025-09-08,,,,,,,,已上市交易，后续关注转股期、下修、强赎、回售。
已上市,低,603037,凯众股份,113698,凯众转债,3.08447,,,,,2025-08-15,,,2025-09-10,,,,,,,,已上市交易，后续关注转股期、下修、强赎、回售。
已上市,低,688147,微导纳米,118058,微导转债,11.7,,,,,2025-08-06,,,2025-08-27,,,,,,,,已上市交易，后续关注转股期、下修、强赎、回售。
已上市,低,003816,中国广核,127110,广核转债,49.0,,,,,2025-07-09,,,2025-07-25,,,,,,,,已上市交易，后续关注转股期、下修、强赎、回售。
已上市,低,605167,利柏特,111023,利柏转债,7.5,,,,,2025-07-03,,,2025-07-22,,,,,,,,已上市交易，后续关注转股期、下修、强赎、回售。
已上市,低,603596,伯特利,113696,伯25转债,9.02,,,,,2025-07-01,,,2021-07-21,,,,,,,,已上市交易，后续关注转股期、下修、强赎、回售。
已上市,低,688362,甬矽电子,118057,甬矽转债,11.65,,,,,2025-06-26,,,2025-07-16,,,,,,,,已上市交易，后续关注转股期、下修、强赎、回售。
已上市,低,603097,江苏华辰,113695,华辰转债,4.6,,,,,2025-06-20,,,2025-07-10,,,,,,,,已上市交易，后续关注转股期、下修、强赎、回售。
已上市,低,605319,无锡振华,111022,锡振转债,5.2,,,,,2025-06-18,,,2025-07-14,,,,,,,,已上市交易，后续关注转股期、下修、强赎、回售。
已上市,低,300866,安克创新,123257,安克转债,11.0482,,,,,2025-06-16,,,2025-07-04,,,,,,,,已上市交易，后续关注转股期、下修、强赎、回售。
已上市,低,002125,湘潭电化,127109,电化转债,4.87,,,,,2025-06-16,,,2025-07-04,,,,,,,,已上市交易，后续关注转股期、下修、强赎、回售。
已上市,低,688401,路维光电,118056,路维转债,6.15,,,,,2025-06-11,,,2025-07-10,,,,,,,,已上市交易，后续关注转股期、下修、强赎、回售。
已上市,低,300969,恒帅股份,123256,恒帅转债,3.2759,,,,,2025-05-29,,,2025-06-17,,,,,,,,已上市交易，后续关注转股期、下修、强赎、回售。
已上市,低,688372,伟测科技,118055,伟测转债,11.75,,,,,2025-04-09,,,2025-04-30,,,,,,,,已上市交易，后续关注转股期、下修、强赎、回售。
已上市,低,603628,清源股份,113694,清源转债,5.0,,,,,2025-04-08,,,2025-04-25,,,,,,,,已上市交易，后续关注转股期、下修、强赎、回售。
已上市,低,688019,安集科技,118054,安集转债,8.305,,,,,2025-04-07,,,2025-04-25,,,,,,,,已上市交易，后续关注转股期、下修、强赎、回售。
已上市,低,300054,鼎龙股份,123255,鼎龙转债,9.1,,,,,2025-04-02,,,2025-04-23,,,,,,,,已上市交易，后续关注转股期、下修、强赎、回售。
已上市,低,000591,太阳能,127108,太能转债,29.5,,,,,2025-03-28,,,2025-04-16,,,,,,,,已上市交易，后续关注转股期、下修、强赎、回售。
已上市,低,300014,亿纬锂能,123254,亿纬转债,50.0,,,,,2025-03-24,,,2025-04-11,,,,,,,,已上市交易，后续关注转股期、下修、强赎、回售。
已上市,低,603801,志邦家居,113693,志邦转债,6.7,,,,,2025-03-18,,,2025-04-08,,,,,,,,已上市交易，后续关注转股期、下修、强赎、回售。
已上市,低,688596,正帆科技,118053,正帆转债,10.41095,,,,,2025-03-18,,,2025-04-03,,,,,,,,已上市交易，后续关注转股期、下修、强赎、回售。
已上市,低,688292,浩瀚深度,118052,浩瀚转债,3.5429,,,,,2025-03-13,,,2025-04-07,,,,,,,,已上市交易，后续关注转股期、下修、强赎、回售。
已上市,低,300351,永贵电器,123253,永贵转债,9.8,,,,,2025-03-13,,,2025-03-28,,,,,,,,已上市交易，后续关注转股期、下修、强赎、回售。
已上市,低,601158,重庆水务,113070,渝水转债,19.0,,,,,2025-01-09,,,2025-02-13,,,,,,,,已上市交易，后续关注转股期、下修、强赎、回售。
已上市,低,300337,银邦股份,123252,银邦转债,7.85,,,,,2025-01-07,,,2025-01-24,,,,,,,,已上市交易，后续关注转股期、下修、强赎、回售。
已上市,低,600713,南京医药,110098,南药转债,10.81491,,,,,2024-12-25,,,2025-01-20,,,,,,,,已上市交易，后续关注转股期、下修、强赎、回售。
已上市,低,301235,华康洁净,123251,华医转债,7.5,,,,,2024-12-23,,,2025-01-09,,,,,,,,已上市交易，后续关注转股期、下修、强赎、回售。
已上市,低,688131,皓元医药,118051,皓元转债,8.2235,,,,,2024-11-28,,,2024-12-19,,,,,,,,已上市交易，后续关注转股期、下修、强赎、回售。
已上市,低,002600,领益智造,127107,领益转债,21.374181,,,,,2024-11-18,,,2024-12-06,,,,,,,,已上市交易，后续关注转股期、下修、强赎、回售。
已上市,低,301004,嘉益股份,123250,嘉益转债,3.979384,,,,,2024-11-07,,,2024-11-26,,,,,,,,已上市交易，后续关注转股期、下修、强赎、回售。
已上市,低,603197,保隆科技,113692,保隆转债,13.9,,,,,2024-10-31,,,2024-11-27,,,,,,,,已上市交易，后续关注转股期、下修、强赎、回售。
已上市,低,603077,和邦生物,113691,和邦转债,46.0,,,,,2024-10-28,,,2024-11-19,,,,,,,,已上市交易，后续关注转股期、下修、强赎、回售。
已上市,低,300681,英搏尔,123249,英搏转债,8.171597,,,,,2024-10-24,,,2024-11-11,,,,,,,,已上市交易，后续关注转股期、下修、强赎、回售。
已上市,低,600419,天润乳业,110097,天润转债,9.9,,,,,2024-10-24,,,2024-11-15,,,,,,,,已上市交易，后续关注转股期、下修、强赎、回售。
已上市,低,603829,洛凯股份,113689,洛凯转债,4.03431,,,,,2024-10-17,,,2024-11-11,,,,,,,,已上市交易，后续关注转股期、下修、强赎、回售。
已上市,低,603060,国检集团,113688,国检转债,8.0,,,,,2024-10-17,,,2024-11-12,,,,,,,,已上市交易，后续关注转股期、下修、强赎、回售。
已上市,低,688239,航宇科技,118050,航宇转债,6.67,,,,,2024-08-21,,,2024-09-10,,,,,,,,已上市交易，后续关注转股期、下修、强赎、回售。
已上市,低,300952,恒辉安防,123248,恒辉转债,5.0,,,,,2024-08-21,,,2024-09-12,,,,,,,,已上市交易，后续关注转股期、下修、强赎、回售。
已上市,低,301216,万凯新材,123247,万凯转债,27.0,,,,,2024-08-16,,,2024-09-05,,,,,,,,已上市交易，后续关注转股期、下修、强赎、回售。
已上市,低,301053,远信工业,123246,远信转债,2.86467,,,,,2024-08-16,,,2024-09-03,,,,,,,,已上市交易，后续关注转股期、下修、强赎、回售。
已上市,低,300553,集智股份,123245,集智转债,2.546,,,,,2024-08-14,,,2024-08-28,,,,,,,,已上市交易，后续关注转股期、下修、强赎、回售。
已上市,低,002871,伟隆股份,127106,伟隆转债,2.6971,,,,,2024-08-13,,,2024-08-28,,,,,,,,已上市交易，后续关注转股期、下修、强赎、回售。
已上市,低,600531,豫光金铅,110096,豫光转债,7.1,,,,,2024-08-12,,,2024-09-03,,,,,,,,已上市交易，后续关注转股期、下修、强赎、回售。
已上市,低,688403,汇成股份,118049,汇成转债,11.487,,,,,2024-08-07,,,2024-09-02,,,,,,,,已上市交易，后续关注转股期、下修、强赎、回售。
已上市,低,300893,松原安全,123244,松原转债,4.1,,,,,2024-08-01,,,2024-08-22,,,,,,,,已上市交易，后续关注转股期、下修、强赎、回售。
已上市,低,605116,奥锐特,111021,奥锐转债,8.1212,,,,,2024-07-26,,,2024-08-15,,,,,,,,已上市交易，后续关注转股期、下修、强赎、回售。
已上市,低,605166,聚合顺,111020,合顺转债,2.04,,,,,2024-07-22,,,2022-04-19,,,,,,,,已上市交易，后续关注转股期、下修、强赎、回售。
已上市,低,301081,严牌股份,123243,严牌转债,4.678889,,,,,2024-07-10,,,2024-07-26,,,,,,,,已上市交易，后续关注转股期、下修、强赎、回售。
已上市,低,301131,聚赛龙,123242,赛龙转债,2.5,,,,,2024-07-08,,,2024-07-29,,,,,,,,已上市交易，后续关注转股期、下修、强赎、回售。
已上市,低,300870,欧陆通,123241,欧通转债,6.445265,,,,,2024-07-05,,,2024-07-26,,,,,,,,已上市交易，后续关注转股期、下修、强赎、回售。
已上市,低,688135,利扬芯片,118048,利扬转债,5.2,,,,,2024-07-02,,,2024-07-19,,,,,,,,已上市交易，后续关注转股期、下修、强赎、回售。
已上市,低,603289,泰瑞机器,113686,泰瑞转债,3.378,,,,,2024-07-02,,,2024-07-24,,,,,,,,已上市交易，后续关注转股期、下修、强赎、回售。
已上市,低,603305,旭升集团,113685,升24转债,4.2,,,,,2024-06-14,,,2018-12-11,,,,,,,,已上市交易，后续关注转股期、下修、强赎、回售。
已上市,低,605366,宏柏新材,111019,宏柏转债,9.6,,,,,2024-04-17,,,2024-05-14,,,,,,,,已上市交易，后续关注转股期、下修、强赎、回售。
已上市,低,603319,美湖股份,113684,湘泵转债,5.7739,,,,,2024-04-01,,,2024-04-29,,,,,,,,已上市交易，后续关注转股期、下修、强赎、回售。
已上市,低,603568,伟明环保,113683,伟24转债,6.7,,,,,2024-03-28,,,2018-12-26,,,,,,,,已上市交易，后续关注转股期、下修、强赎、回售。
已上市,低,603939,益丰药房,113682,益丰转债,15.81009,,,,,2024-03-04,,,2020-06-22,,,,,,,,已上市交易，后续关注转股期、下修、强赎、回售。
已上市,低,002442,龙星科技,127105,龙星转债,7.547539,,,,,2024-02-01,,,2024-03-06,,,,,,,,已上市交易，后续关注转股期、下修、强赎、回售。
已上市,低,300358,楚天科技,123240,楚天转债,10.0,,,,,2024-01-31,,,2024-02-29,,,,,,,,已上市交易，后续关注转股期、下修、强赎、回售。
已上市,低,002605,姚记科技,127104,姚记转债,5.831273,,,,,2024-01-25,,,2024-02-26,,,,,,,,已上市交易，后续关注转股期、下修、强赎、回售。
已上市,低,300488,恒锋工具,123239,锋工转债,6.2,,,,,2024-01-19,,,2024-02-22,,,,,,,,已上市交易，后续关注转股期、下修、强赎、回售。
已上市,低,300863,卡倍亿,123238,卡倍转02,2.79,,,,,2024-01-11,,,2022-01-18,,,,,,,,已上市交易，后续关注转股期、下修、强赎、回售。
已上市,低,300793,佳禾智能,123237,佳禾转债,10.04,,,,,2024-01-04,,,2024-01-24,,,,,,,,已上市交易，后续关注转股期、下修、强赎、回售。
已上市,低,002135,东南网架,127103,东南转债,20.0,,,,,2024-01-03,,,2024-01-24,,,,,,,,已上市交易，后续关注转股期、下修、强赎、回售。
已上市,低,603213,镇洋发展,113681,镇洋转债,6.6,,,,,2023-12-29,,,2024-01-17,,,,,,,,已上市交易，后续关注转股期、下修、强赎、回售。
已上市,低,002761,浙江建投,127102,浙建转债,10.0,,,,,2023-12-25,,,2024-01-16,,,,,,,,已上市交易，后续关注转股期、下修、强赎、回售。
已上市,低,605077,华康股份,111018,华康转债,13.03023,,,,,2023-12-25,,,2024-01-15,,,,,,,,已上市交易，后续关注转股期、下修、强赎、回售。
已上市,低,301193,家联科技,123236,家联转债,7.5,,,,,2023-12-22,,,2024-01-18,,,,,,,,已上市交易，后续关注转股期、下修、强赎、回售。
已上市,低,601137,博威合金,113069,博23转债,12.0,,,,,2023-12-22,,,2020-02-17,,,,,,,,已上市交易，后续关注转股期、下修、强赎、回售。
已上市,低,001283,豪鹏科技,127101,豪鹏转债,11.0,,,,,2023-12-22,,,2024-01-11,,,,,,,,已上市交易，后续关注转股期、下修、强赎、回售。
已上市,低,300911,亿田智能,123235,亿田转债,5.2021,,,,,2023-12-21,,,2024-01-12,,,,,,,,已上市交易，后续关注转股期、下修、强赎、回售。
已上市,低,000034,神州数码,127100,神码转债,13.38999,,,,,2023-12-21,,,2024-01-19,,,,,,,,已上市交易，后续关注转股期、下修、强赎、回售。
已上市,低,688076,ST诺泰,118046,诺泰转债,4.34,,,,,2023-12-15,,,2024-01-18,,,,,,,,已上市交易，后续关注转股期、下修、强赎、回售。
已上市,低,300062,中能电气,123234,中能转债,4.0,,,,,2023-12-11,,,2023-12-29,,,,,,,,已上市交易，后续关注转股期、下修、强赎、回售。
已上市,低,001205,盛航股份,127099,盛航转债,7.4,,,,,2023-12-06,,,2023-12-28,,,,,,,,已上市交易，后续关注转股期、下修、强赎、回售。
已上市,低,301069,凯盛新材,123233,凯盛转债,6.5,,,,,2023-11-29,,,2023-12-15,,,,,,,,已上市交易，后续关注转股期、下修、强赎、回售。
已上市,低,300830,金现代,123232,金现转债,2.025125,,,,,2023-11-27,,,2023-12-19,,,,,,,,已上市交易，后续关注转股期、下修、强赎、回售。
已上市,低,001269,欧晶科技,127098,欧晶转债,4.7,,,,,2023-11-24,,,2023-12-15,,,,,,,,已上市交易，后续关注转股期、下修、强赎、回售。
已上市,低,603937,丽岛新材,113680,丽岛转债,3.0,,,,,2023-11-15,,,2023-12-05,,,,,,,,已上市交易，后续关注转股期、下修、强赎、回售。
已上市,低,300938,信测标准,123231,信测转债,5.45,,,,,2023-11-09,,,2023-11-29,,,,,,,,已上市交易，后续关注转股期、下修、强赎、回售。
已上市,低,301133,金钟股份,123230,金钟转债,3.5,,,,,2023-11-09,,,2023-12-01,,,,,,,,已上市交易，后续关注转股期、下修、强赎、回售。
已上市,低,001317,三羊马,127097,三羊转债,2.1,,,,,2023-10-26,,,2023-11-17,,,,,,,,已上市交易，后续关注转股期、下修、强赎、回售。
已上市,低,603105,芯能科技,113679,芯能转债,8.8,,,,,2023-10-26,,,2023-11-24,,,,,,,,已上市交易，后续关注转股期、下修、强赎、回售。
已上市,低,003036,泰坦股份,127096,泰坦转债,2.955,,,,,2023-10-25,,,2023-11-15,,,,,,,,已上市交易，后续关注转股期、下修、强赎、回售。
已上市,低,301062,上海艾录,123229,艾录转债,5.0,,,,,2023-10-23,,,2023-11-20,,,,,,,,已上市交易，后续关注转股期、下修、强赎、回售。
已上市,低,301099,雅创电子,123227,雅创转债,3.63,,,,,2023-10-20,,,2023-11-10,,,,,,,,已上市交易，后续关注转股期、下修、强赎、回售。
已上市,低,603220,中贝通信,113678,中贝转债,5.17,,,,,2023-10-19,,,2023-11-21,,,,,,,,已上市交易，后续关注转股期、下修、强赎、回售。
已上市,低,002111,威海广泰,127095,广泰转债,7.0,,,,,2023-10-18,,,2023-11-10,,,,,,,,已上市交易，后续关注转股期、下修、强赎、回售。
已上市,低,002809,红墙股份,127094,红墙转债,3.16,,,,,2023-10-18,,,2023-11-08,,,,,,,,已上市交易，后续关注转股期、下修、强赎、回售。
已上市,低,002598,ST章鼓,127093,章鼓转债,2.43,,,,,2023-10-17,,,2023-11-03,,,,,,,,已上市交易，后续关注转股期、下修、强赎、回售。
已上市,低,300814,中富电路,123226,中富转债,5.2,,,,,2023-10-16,,,2023-11-03,,,,,,,,已上市交易，后续关注转股期、下修、强赎、回售。
已上市,低,300890,翔丰华,123225,翔丰转债,8.0,,,,,2023-10-10,,,2023-10-26,,,,,,,,已上市交易，后续关注转股期、下修、强赎、回售。
已上市,低,001288,运机集团,127092,运机转债,7.3,,,,,2023-09-21,,,2023-10-20,,,,,,,,已上市交易，后续关注转股期、下修、强赎、回售。
已上市,低,301266,宇邦新材,123224,宇邦转债,5.0,,,,,2023-09-19,,,2023-10-18,,,,,,,,已上市交易，后续关注转股期、下修、强赎、回售。
已上市,低,300705,九典制药,123223,九典转02,2.7,,,,,2023-09-15,,,2021-04-23,,,,,,,,已上市交易，后续关注转股期、下修、强赎、回售。
已上市,低,603306,华懋科技,113677,华懋转债,10.5,,,,,2023-09-14,,,2023-10-12,,,,,,,,已上市交易，后续关注转股期、下修、强赎、回售。
已上市,低,688311,盟升电子,118045,盟升转债,3.0,,,,,2023-09-12,,,2023-10-17,,,,,,,,已上市交易，后续关注转股期、下修、强赎、回售。
已上市,低,688398,赛特新材,118044,赛特转债,4.42,,,,,2023-09-11,,,2023-10-12,,,,,,,,已上市交易，后续关注转股期、下修、强赎、回售。
已上市,低,300926,博俊科技,123222,博俊转债,5.0,,,,,2023-09-08,,,2023-09-28,,,,,,,,已上市交易，后续关注转股期、下修、强赎、回售。
已上市,低,301188,力诺药包,123221,力诺转债,5.0,,,,,2023-08-23,,,2023-09-14,,,,,,,,已上市交易，后续关注转股期、下修、强赎、回售。
已上市,低,002335,科华数据,127091,科数转债,14.92068,,,,,2023-08-23,,,2023-09-12,,,,,,,,已上市交易，后续关注转股期、下修、强赎、回售。
已上市,低,603165,荣晟环保,113676,荣23转债,3.3,,,,,2023-08-18,,,2019-08-13,,,,,,,,已上市交易，后续关注转股期、下修、强赎、回售。
已上市,低,300942,易瑞生物,123220,易瑞转债,3.281967,,,,,2023-08-18,,,2023-09-06,,,,,,,,已上市交易，后续关注转股期、下修、强赎、回售。
已上市,低,605368,蓝天燃气,111017,蓝天转债,8.7,,,,,2023-08-15,,,2023-09-08,,,,,,,,已上市交易，后续关注转股期、下修、强赎、回售。
已上市,低,688678,福立旺,118043,福立转债,7.0,,,,,2023-08-14,,,2023-09-12,,,,,,,,已上市交易，后续关注转股期、下修、强赎、回售。
已上市,低,300790,宇瞳光学,123219,宇瞳转债,6.0,,,,,2023-08-11,,,2023-08-29,,,,,,,,已上市交易，后续关注转股期、下修、强赎、回售。
已上市,低,603179,新泉股份,113675,新23转债,4.5,,,,,2023-08-11,,,2018-06-22,,,,,,,,已上市交易，后续关注转股期、下修、强赎、回售。
已上市,低,301008,宏昌科技,123218,宏昌转债,3.8,,,,,2023-08-10,,,2023-08-30,,,,,,,,已上市交易，后续关注转股期、下修、强赎、回售。
已上市,低,688516,奥特维,118042,奥维转债,11.4,,,,,2023-08-10,,,2023-09-01,,,,,,,,已上市交易，后续关注转股期、下修、强赎、回售。
已上市,低,600481,双良节能,110095,双良转债,7.2,,,,,2023-08-08,,,2010-05-14,,,,,,,,已上市交易，后续关注转股期、下修、强赎、回售。
已上市,低,300852,四会富仕,123217,富仕转债,5.7,,,,,2023-08-08,,,2023-08-24,,,,,,,,已上市交易，后续关注转股期、下修、强赎、回售。
已上市,低,300737,科顺股份,123216,科顺转债,21.98,,,,,2023-08-04,,,2023-08-23,,,,,,,,已上市交易，后续关注转股期、下修、强赎、回售。
已上市,低,301268,铭利达,123215,铭利转债,10.0,,,,,2023-08-03,,,2023-08-23,,,,,,,,已上市交易，后续关注转股期、下修、强赎、回售。
已上市,低,688633,星球石墨,118041,星球转债,6.2,,,,,2023-07-31,,,2023-08-22,,,,,,,,已上市交易，后续关注转股期、下修、强赎、回售。
已上市,低,300239,东宝生物,123214,东宝转债,4.55,,,,,2023-07-31,,,2023-08-18,,,,,,,,已上市交易，后续关注转股期、下修、强赎、回售。
已上市,低,301127,武汉天源,123213,天源转债,10.0,,,,,2023-07-28,,,2023-08-16,,,,,,,,已上市交易，后续关注转股期、下修、强赎、回售。
已上市,低,601609,金田股份,113068,金铜转债,15.0,,,,,2023-07-28,,,2021-04-12,,,,,,,,已上市交易，后续关注转股期、下修、强赎、回售。
已上市,低,300121,阳谷华泰,123211,阳谷转债,6.5,,,,,2023-07-27,,,2023-08-14,,,,,,,,已上市交易，后续关注转股期、下修、强赎、回售。
已上市,低,601139,深圳燃气,113067,燃23转债,16.0,,,,,2023-07-27,,,2013-12-27,,,,,,,,已上市交易，后续关注转股期、下修、强赎、回售。
已上市,低,300454,深信服,123210,信服转债,12.14756,,,,,2023-07-27,,,2023-08-18,,,,,,,,已上市交易，后续关注转股期、下修、强赎、回售。
已上市,低,300428,立中集团,123212,立中转债,8.998,,,,,2023-07-27,,,2023-08-16,,,,,,,,已上市交易，后续关注转股期、下修、强赎、回售。
已上市,低,300644,南京聚隆,123209,聚隆转债,2.185,,,,,2023-07-26,,,2023-08-17,,,,,,,,已上市交易，后续关注转股期、下修、强赎、回售。
已上市,低,688711,宏微科技,118040,宏微转债,4.3,,,,,2023-07-25,,,2023-08-14,,,,,,,,已上市交易，后续关注转股期、下修、强赎、回售。
已上市,低,605228,神通科技,111016,神通转债,5.77,,,,,2023-07-25,,,2023-08-15,,,,,,,,已上市交易，后续关注转股期、下修、强赎、回售。
已上市,低,301078,孩子王,123208,孩王转债,10.39,,,,,2023-07-24,,,2023-08-10,,,,,,,,已上市交易，后续关注转股期、下修、强赎、回售。
已上市,低,002937,兴瑞科技,127090,兴瑞转债,4.62,,,,,2023-07-24,,,2023-08-15,,,,,,,,已上市交易，后续关注转股期、下修、强赎、回售。
已上市,低,300948,冠中生态,123207,冠中转债,4.0,,,,,2023-07-21,,,2023-08-09,,,,,,,,已上市交易，后续关注转股期、下修、强赎、回售。
已上市,低,603018,华设集团,113674,华设转债,4.0,,,,,2023-07-21,,,2023-08-15,,,,,,,,已上市交易，后续关注转股期、下修、强赎、回售。
已上市,低,688597,煜邦电力,118039,煜邦转债,4.10806,,,,,2023-07-20,,,2023-08-15,,,,,,,,已上市交易，后续关注转股期、下修、强赎、回售。
已上市,低,300272,开能健康,123206,开能转债,2.5,,,,,2023-07-20,,,2023-08-08,,,,,,,,已上市交易，后续关注转股期、下修、强赎、回售。
已上市,低,603730,岱美股份,113673,岱美转债,9.07939,,,,,2023-07-18,,,2023-08-10,,,,,,,,已上市交易，后续关注转股期、下修、强赎、回售。
已上市,低,002459,晶澳科技,127089,晶澳转债,89.603077,,,,,2023-07-18,,,2023-08-04,,,,,,,,已上市交易，后续关注转股期、下修、强赎、回售。
已上市,低,603327,福蓉科技,113672,福蓉转债,6.4,,,,,2023-07-18,,,2023-08-10,,,,,,,,已上市交易，后续关注转股期、下修、强赎、回售。
已上市,低,600888,新疆众和,110094,众和转债,13.75,,,,,2023-07-18,,,2023-08-14,,,,,,,,已上市交易，后续关注转股期、下修、强赎、回售。
已上市,低,688106,金宏气体,118038,金宏转债,10.16,,,,,2023-07-17,,,2023-08-10,,,,,,,,已上市交易，后续关注转股期、下修、强赎、回售。
已上市,低,300879,大叶股份,123205,大叶转债,4.760312,,,,,2023-07-17,,,2023-08-08,,,,,,,,已上市交易，后续关注转股期、下修、强赎、回售。
已上市,低,300829,金丹科技,123204,金丹转债,7.0,,,,,2023-07-13,,,2023-08-02,,,,,,,,已上市交易，后续关注转股期、下修、强赎、回售。
已上市,低,603878,武进不锈,113671,武进转债,3.1,,,,,2023-07-10,,,2023-08-03,,,,,,,,已上市交易，后续关注转股期、下修、强赎、回售。
已上市,低,605177,东亚药业,111015,东亚转债,6.9,,,,,2023-07-06,,,2023-08-02,,,,,,,,已上市交易，后续关注转股期、下修、强赎、回售。
已上市,低,002810,山东赫达,127088,赫达转债,6.0,,,,,2023-07-03,,,2023-07-19,,,,,,,,已上市交易，后续关注转股期、下修、强赎、回售。
已上市,低,300980,祥源新材,123202,祥源转债,4.6,,,,,2023-07-03,,,2023-07-26,,,,,,,,已上市交易，后续关注转股期、下修、强赎、回售。
已上市,低,300739,明阳电路,123203,明电转02,6.73,,,,,2023-07-03,,,2021-01-05,,,,,,,,已上市交易，后续关注转股期、下修、强赎、回售。
已上市,低,688589,力合微,118036,力合转债,3.8,,,,,2023-06-28,,,2023-07-20,,,,,,,,已上市交易，后续关注转股期、下修、强赎、回售。
已上市,低,301229,纽泰格,123201,纽泰转债,3.5,,,,,2023-06-27,,,2023-07-18,,,,,,,,已上市交易，后续关注转股期、下修、强赎、回售。
已上市,低,301022,海泰科,123200,海泰转债,3.965716,,,,,2023-06-27,,,2023-07-17,,,,,,,,已上市交易，后续关注转股期、下修、强赎、回售。
已上市,低,605337,李子园,111014,李子转债,6.0,,,,,2023-06-20,,,2023-07-13,,,,,,,,已上市交易，后续关注转股期、下修、强赎、回售。
已上市,低,002860,星帅尔,127087,星帅转2,2.8,,,,,2023-06-14,,,2020-02-19,,,,,,,,已上市交易，后续关注转股期、下修、强赎、回售。
已上市,低,300452,山河药辅,123199,山河转债,3.2,,,,,2023-06-12,,,2023-07-07,,,,,,,,已上市交易，后续关注转股期、下修、强赎、回售。
已上市,低,002237,恒邦股份,127086,恒邦转债,31.6,,,,,2023-06-12,,,2023-07-07,,,,,,,,已上市交易，后续关注转股期、下修、强赎、回售。
已上市,低,688103,国力电子,118035,国力转债,4.8,,,,,2023-06-12,,,2023-07-06,,,,,,,,已上市交易，后续关注转股期、下修、强赎、回售。
已上市,低,301098,金埔园林,123198,金埔转债,5.2,,,,,2023-06-08,,,2023-07-07,,,,,,,,已上市交易，后续关注转股期、下修、强赎、回售。
发行成功待上市,低,301459,丰茂股份,123283,丰茂转债,6.075298,,,,,2026-08-18,,,,,,,,,,,发行已完成，等待上市公告或上市交易。
